model,holdout_rmse,holdout_mae,fit_time_sec,test_time_sec,n_test_predictions,selection_eligible
SVD_TUNED,1.3662520061956536,1.1693002182089,0.02268695831298828,0.0013608932495117188,538,True
SVD,1.461171236982347,1.2690022865966604,0.04313945770263672,0.0,538,True
KNNWithMeans_item_based,1.7976163842393207,1.4325441968145647,0.0442657470703125,0.0048370361328125,538,True
GlobalMeanBaseline,1.6194463741400393,1.4288552158727417,0.0,0.0,538,False
